Артикул,Наличие
101.0068.360,В наявності
101.0068.368,В наявності
101.0255.783,В наявності
101.0255.785,В наявності
101.0255.788,В наявності
101.0330.658,В наявності
101.0381.767,В наявності
101.0381.806,В наявності
101.0381.808,В наявності
101.0381.809,В наявності
101.0381.810,В наявності
101.0381.836,В наявності
101.0381.837,В наявності
101.0381.838,В наявності
101.0456.705,В наявності
101.0456.706,В наявності
101.0598.809,В наявності
106.0183.016,В наявності
106.0183.091,В наявності
106.0374.278,В наявності
106.0374.280,В наявності
106.0374.283,В наявності
106.0374.292,В наявності
106.0496.076,В наявності
106.0496.078,В наявності
106.0540.668,В наявності
106.0541.746,В наявності
106.0541.749,В наявності
106.0541.752,В наявності
106.0541.756,В наявності
106.0554.391,В наявності
106.0554.394,В наявності
106.0670.100,В наявності
106.0670.114,В наявності
106.0670.335,В наявності
108.0373.670,В наявності
108.0377.090,В наявності
108.0391.248,В наявності
108.0516.320,В наявності
108.0516.351,В наявності
108.0606.106,В наявності
108.0606.107,В наявності
108.0606.110,В наявності
108.0606.111,В наявності
108.0606.112,В наявності
108.0613.587,В наявності
108.0613.588,В наявності
110.0200.714,В наявності
110.0200.734,В наявності
110.0275.345,В наявності
110.0275.346,В наявності
110.0365.588,В наявності
110.0392.878,В наявності
110.0456.724,В наявності
110.0473.545,В наявності
110.0473.547,В наявності
112.0006.456,В наявності
112.0007.715,В наявності
112.0016.755,В наявності
112.0016.756,В наявності
112.0030.882,В наявності
112.0049.409,В наявності
112.0052.781,В наявності
112.0057.214,В наявності
112.0066.060,В наявності
112.0067.942,В наявності
112.0075.642,В наявності
112.0174.991,В наявності
112.0174.994,В наявності
112.0176.753,В наявності
112.0188.651,В наявності
112.0197.447,В наявності
112.0199.083,В наявності
112.0199.086,В наявності
112.0199.087,В наявності
112.0250.014,В наявності
112.0253.273,В наявності
112.0256.867,В наявності
112.0262.703,В наявності
112.0277.144,В наявності
112.0285.288,В наявності
112.0301.698,В наявності
112.0339.360,В наявності
112.0389.090,В наявності
112.0394.981,В наявності
112.0442.942,В наявності
112.0464.521,В наявності
112.0464.522,В наявності
112.0470.620,В наявності
112.0470.631,В наявності
112.0473.656,В наявності
112.0473.657,В наявності
112.0480.588,В наявності
112.0489.809,В наявності
112.0517.083,В наявності
112.0520.938,В наявності
112.0530.237,В наявності
112.0530.238,В наявності
112.0530.239,В наявності
112.0530.240,В наявності
112.0530.322,В наявності
112.0532.169,В наявності
112.0538.950,В наявності
112.0539.138,В наявності
112.0539.568,В наявності
112.0539.569,В наявності
112.0539.570,В наявності
112.0544.161,В наявності
112.0545.792,В наявності
112.0548.292,В наявності
112.0548.447,В наявності
112.0548.448,В наявності
112.0549.122,В наявності
112.0564.134,В наявності
112.0564.564,В наявності
112.0591.082,В наявності
112.0595.334,В наявності
112.0602.288,В наявності
112.0619.946,В наявності
112.0624.354,В наявності
112.0624.475,В наявності
112.0624.484,В наявності
112.0624.895,В наявності
112.0625.483,В наявності
112.0625.484,В наявності
112.0625.485,В наявності
112.0625.486,В наявності
112.0625.487,В наявності
112.0630.187,В наявності
112.0630.188,В наявності
112.0630.210,В наявності
112.0630.933,В наявності
112.0653.035,В наявності
112.0653.036,В наявності
112.0653.041,В наявності
112.0655.239,В наявності
112.0655.240,В наявності
112.0655.341,В наявності
112.0655.342,В наявності
112.0655.343,В наявності
112.0655.344,В наявності
112.0655.431,В наявності
112.0655.433,В наявності
112.0655.468,В наявності
112.0655.470,В наявності
112.0655.471,В наявності
112.0655.472,В наявності
112.0655.481,В наявності
112.0655.483,В наявності
112.0655.488,В наявності
112.0655.489,В наявності
112.0656.939,В наявності
112.0657.022,В наявності
112.0657.146,В наявності
112.0657.273,В наявності
112.0657.298,В наявності
112.0657.383,В наявності
112.0657.421,В наявності
112.0657.945,В наявності
112.0658.444,В наявності
112.0658.484,В наявності
112.0658.485,В наявності
112.0668.276,В наявності
112.0670.893,В наявності
112.0674.415,В наявності
112.0676.854,В наявності
112.0676.895,В наявності
114.0251.445,В наявності
114.0251.447,В наявності
114.0254.780,В наявності
114.0254.784,В наявності
114.0254.785,В наявності
114.0254.792,В наявності
114.0258.039,В наявності
114.0258.040,В наявності
114.0258.042,В наявності
114.0272.580,В наявності
114.0272.595,В наявності
114.0272.599,В наявності
114.0272.602,В наявності
114.0272.603,В наявності
114.0272.633,В наявності
114.0306.793,В наявності
114.0306.814,В наявності
114.0306.815,В наявності
114.0306.816,В наявності
114.0363.932,В наявності
114.0363.933,В наявності
114.0363.934,В наявності
114.0363.940,В наявності
114.0374.920,В наявності
114.0374.951,В наявності
114.0375.042,В наявності
114.0375.045,В наявності
114.0375.050,В наявності
114.0380.983,В наявності
114.0381.006,В наявності
114.0381.062,В наявності
114.0497.988,В наявності
114.0498.001,В наявності
114.0498.008,В наявності
114.0498.031,В наявності
114.0499.223,В наявності
114.0502.869,В наявності
114.0502.870,В наявності
114.0565.087,В наявності
114.0565.090,В наявності
114.0565.111,В наявності
114.0565.124,В наявності
114.0574.934,В наявності
114.0574.944,В наявності
114.0574.952,В наявності
114.0574.982,В наявності
114.0575.041,В наявності
114.0575.042,В наявності
114.0592.098,В наявності
114.0630.413,В наявності
114.0630.417,В наявності
114.0630.425,В наявності
114.0630.428,В наявності
114.0630.437,В наявності
114.0630.440,В наявності
114.0630.446,В наявності
114.0630.449,В наявності
114.0630.450,В наявності
114.0630.457,В наявності
114.0630.458,В наявності
114.0630.459,В наявності
114.0630.463,В наявності
114.0630.466,В наявності
114.0630.467,В наявності
114.0630.469,В наявності
114.0630.474,В наявності
114.0630.477,В наявності
114.0630.479,В наявності
114.0631.437,В наявності
114.0631.438,В наявності
114.0631.439,В наявності
114.0631.466,В наявності
114.0631.513,В наявності
114.0652.619,В наявності
114.0652.620,В наявності
114.0661.770,В наявності
114.0661.784,В наявності
114.0663.897,В наявності
114.0667.446,В наявності
114.0667.447,В наявності
114.0667.450,В наявності
114.0668.599,В наявності
114.0668.861,В наявності
114.0668.863,В наявності
114.0668.864,В наявності
114.0668.865,В наявності
114.0668.866,В наявності
114.0668.867,В наявності
114.0668.868,В наявності
114.0668.901,В наявності
114.0668.902,В наявності
114.0668.903,В наявності
114.0668.904,В наявності
114.0668.905,В наявності
114.0668.907,В наявності
114.0675.976,В наявності
114.0675.977,В наявності
114.0675.978,В наявності
114.0676.261,В наявності
114.0676.263,В наявності
114.0676.264,В наявності
114.0676.275,В наявності
114.0691.534,В наявності
114.0699.230,В наявності
114.0699.234,В наявності
114.0699.236,В наявності
114.0699.238,В наявності
114.0699.239,В наявності
114.0699.240,В наявності
114.0699.242,В наявності
114.0701.786,В наявності
114.0701.787,В наявності
114.0701.789,В наявності
114.0701.790,В наявності
114.0701.799,В наявності
114.0701.804,В наявності
114.0701.806,В наявності
114.0701.807,В наявності
114.0701.819,В наявності
114.0701.820,В наявності
114.0701.823,В наявності
115.0028.205,В наявності
115.0029.591,В наявності
115.0275.366,В наявності
115.0347.111,В наявності
115.0347.142,В наявності
115.0370.689,В наявності
115.0370.694,В наявності
115.0370.703,В наявності
115.0373.929,В наявності
115.0373.945,В наявності
115.0393.974,В наявності
115.0393.975,В наявності
115.0393.976,В наявності
115.0470.659,В наявності
115.0470.661,В наявності
115.0470.665,В наявності
115.0470.666,В наявності
115.0470.670,В наявності
115.0470.675,В наявності
115.0472.959,В наявності
115.0472.960,В наявності
115.0486.993,В наявності
115.0521.435,В наявності
115.0521.438,В наявності
115.0523.286,В наявності
115.0524.929,В наявності
115.0529.202,В наявності
115.0543.285,В наявності
115.0543.294,В наявності
115.0545.135,В наявності
115.0545.136,В наявності
115.0546.115,В наявності
115.0547.852,В наявності
115.0547.853,В наявності
115.0547.854,В наявності
115.0550.424,В наявності
115.0550.427,В наявності
115.0550.441,В наявності
115.0550.442,В наявності
115.0569.290,В наявності
115.0569.461,В наявності
115.0590.047,В наявності
115.0595.083,В наявності
115.0595.088,В наявності
115.0595.089,В наявності
115.0595.091,В наявності
115.0595.093,В наявності
115.0596.387,В наявності
115.0596.388,В наявності
115.0596.389,В наявності
115.0613.590,В наявності
115.0613.671,В наявності
115.0621.548,В наявності
115.0621.549,В наявності
115.0621.591,В наявності
115.0621.592,В наявності
115.0621.600,В наявності
115.0621.612,В наявності
115.0621.613,В наявності
115.0621.615,В наявності
115.0622.942,В наявності
115.0622.943,В наявності
115.0622.944,В наявності
115.0623.057,В наявності
115.0623.059,В наявності
115.0623.136,В наявності
115.0623.141,В наявності
115.0625.185,В наявності
115.0625.187,В наявності
115.0625.188,В наявності
115.0626.018,В наявності
115.0626.019,В наявності
115.0626.020,В наявності
115.0626.022,В наявності
115.0626.024,В наявності
115.0626.025,В наявності
115.0626.026,В наявності
115.0626.028,В наявності
115.0626.051,В наявності
115.0626.053,В наявності
115.0626.055,В наявності
115.0626.057,В наявності
115.0626.082,В наявності
115.0626.084,В наявності
115.0626.087,В наявності
115.0626.088,В наявності
115.0627.523,В наявності
115.0628.204,В наявності
115.0628.207,В наявності
115.0628.208,В наявності
115.0628.210,В наявності
115.0628.251,В наявності
115.0628.253,В наявності
115.0628.254,В наявності
115.0628.256,В наявності
115.0653.298,В наявності
115.0653.371,В наявності
115.0653.372,В наявності
115.0653.373,В наявності
115.0653.374,В наявності
115.0653.377,В наявності
115.0653.378,В наявності
115.0653.379,В наявності
115.0653.382,В наявності
115.0653.383,В наявності
115.0653.384,В наявності
115.0653.385,В наявності
115.0653.388,В наявності
115.0653.389,В наявності
115.0653.395,В наявності
115.0653.398,В наявності
115.0653.399,В наявності
115.0653.401,В наявності
115.0653.404,В наявності
115.0653.405,В наявності
115.0653.504,В наявності
115.0653.505,В наявності
115.0668.279,В наявності
115.0668.280,В наявності
115.0668.381,В наявності
115.0668.382,В наявності
115.0668.383,В наявності
115.0669.768,В наявності
115.0669.769,В наявності
115.0681.241,В наявності
115.0681.243,В наявності
115.0693.230,В наявності
115.0693.393,В наявності
116.0373.686,В наявності
116.0374.296,В наявності
116.0540.670,В наявності
116.0577.011,В наявності
116.0605.987,В наявності
116.0605.990,В наявності
116.0606.091,В наявності
116.0606.093,В наявності
116.0606.096,В наявності
116.0606.097,В наявності
116.0606.100,В наявності
116.0606.101,В наявності
116.0606.102,В наявності
116.0609.447,В наявності
116.0613.706,В наявності
116.0613.707,В наявності
116.0613.709,В наявності
117.0611.672,В наявності
117.0611.674,В наявності
117.0611.675,В наявності
117.0616.305,В наявності
118.0606.721,В наявності
118.0606.722,В наявності
118.0606.723,В наявності
118.0627.481,В наявності
118.0656.683,В наявності
119.0176.059,В наявності
119.0547.911,В наявності
119.0578.743,В наявності
119.0578.745,В наявності
119.0578.746,В наявності
119.0578.747,В наявності
119.0578.748,В наявності
119.0578.750,В наявності
119.0578.771,В наявності
119.0584.065,В наявності
120.0179.978,В наявності
120.0179.979,В наявності
121.0176.518,В наявності
121.0307.563,В наявності
121.0557.764,В наявності
122.0021.439,В наявності
122.0021.444,В наявності
122.0021.446,В наявності
122.0021.447,В наявності
122.0021.451,В наявності
122.0039.092,В наявності
122.0060.328,В наявності
122.0204.647,В наявності
122.0204.649,В наявності
122.0579.553,В наявності
122.0598.646,В наявності
122.0600.933,В наявності
122.0600.935,В наявності
122.0600.945,В наявності
124.0335.851,В наявності
124.0335.856,В наявності
124.0335.862,В наявності
124.0335.865,В наявності
124.0335.866,В наявності
124.0380.242,В наявності
124.0380.246,В наявності
124.0380.250,В наявності
124.0381.390,В наявності
124.0381.404,В наявності
124.0381.407,В наявності
125.0395.608,В наявності
125.0517.045,В наявності
125.0517.046,В наявності
125.0517.059,В наявності
125.0517.092,В наявності
125.0517.098,В наявності
125.0517.109,В наявності
125.0517.122,В наявності
125.0517.123,В наявності
125.0517.124,В наявності
125.0575.040,В наявності
125.0576.307,В наявності
125.0576.309,В наявності
125.0687.262,В наявності
125.0701.772,В наявності
125.0701.774,В наявності
125.0701.780,В наявності
126.0335.712,В наявності
126.0335.883,В наявності
126.0380.350,В наявності
127.0369.056,В наявності
127.0369.215,В наявності
127.0369.250,В наявності
127.0369.282,В наявності
127.0369.284,В наявності
127.0369.295,В наявності
127.0369.916,В наявності
127.0370.188,В наявності
127.0371.513,В наявності
127.0437.882,В наявності
127.0437.912,В наявності
127.0437.913,В наявності
127.0538.259,В наявності
127.0538.260,В наявності
127.0579.559,В наявності
127.0579.849,В наявності
127.0598.745,В наявності
127.0598.747,В наявності
127.0598.748,В наявності
127.0598.750,В наявності
127.0603.515,В наявності
127.0603.516,В наявності
127.0603.517,В наявності
131.0574.627,В наявності
131.0606.104,В наявності
131.0606.105,В наявності
131.0611.212,В наявності
131.0627.473,В наявності
131.0632.660,В наявності
131.0632.993,В наявності
131.0640.710,В наявності
131.0669.345,В наявності
131.0690.488,В наявності
133.0026.896,В наявності
133.0050.083,В наявності
133.0054.658,В наявності
133.0301.740,В наявності
133.0301.741,В наявності
133.0301.743,В наявності
133.0301.748,В наявності
133.0332.886,В наявності
133.0391.835,В наявності
133.0459.871,В наявності
133.0517.050,В наявності
133.0517.086,В наявності
133.0533.532,В наявності
133.0537.934,В наявності
133.0537.940,В наявності
133.0668.814,В наявності
134.0535.229,В наявності
134.0535.241,В наявності
134.0607.344,В наявності
135.0668.444,В наявності
135.0668.446,В наявності
135.0668.456,В наявності
135.0668.463,В наявності
135.0669.523,В наявності
143.0603.532,В наявності
143.0621.190,В наявності
143.0621.332,В наявності
143.0621.334,В наявності
143.0621.335,В наявності
143.0621.338,В наявності
143.0621.339,В наявності
143.0627.382,В наявності
143.0627.387,В наявності
143.0632.391,В наявності
143.0632.393,В наявності
143.0632.395,В наявності
143.0671.744,В наявності
143.0671.748,В наявності
143.0671.749,В наявності
143.0671.750,В наявності
143.0691.510,В наявності
143.0691.531,В наявності
143.0691.532,В наявності
143.0691.533,В наявності
144.0649.548,В наявності
144.0649.550,В наявності
144.0649.561,В наявності
144.0649.562,В наявності
144.0649.563,В наявності
144.0649.564,В наявності
144.0649.565,В наявності
305.0522.798,В наявності
305.0599.507,В наявності
305.0599.508,В наявності
305.0599.509,В наявності
305.0599.510,В наявності
305.0599.543,В наявності
305.0599.544,В наявності
305.0657.263,В наявності
305.0662.834,В наявності
305.0662.835,В наявності
305.0662.836,В наявності
305.0665.359,В наявності
305.0665.361,В наявності
305.0665.365,В наявності
305.0665.366,В наявності
305.0665.367,В наявності
305.0665.368,В наявності
305.0665.369,В наявності
305.0680.919,В наявності
305.0689.925,В наявності
315.0489.957,В наявності
315.0532.375,В наявності
315.0532.377,В наявності
315.0547.794,В наявності
315.0547.795,В наявності
315.0547.796,В наявності
315.0547.797,В наявності
315.0547.798,В наявності
320.0521.537,В наявності
320.0521.538,В наявності
325.0518.709,В наявності
325.0591.034,В наявності
325.0591.036,В наявності
325.0597.293,В наявності
325.0653.979,В наявності
325.0654.002,В наявності
325.0657.511,В наявності
330.0528.020,В наявності
330.0528.064,В наявності
330.0528.065,В наявності
330.0542.181,В наявності
330.0573.294,В наявності
330.0573.295,В наявності
330.0591.778,В наявності
330.0679.324,В наявності
335.0528.005,В наявності
335.0530.199,В наявності
335.0530.200,В наявності
335.0530.201,В наявності
335.0530.202,В наявності
335.0530.203,В наявності
335.0588.180,В наявності
335.0588.221,В наявності
335.0588.222,В наявності
340.0595.364,В наявності
340.0678.203,В наявності
340.0678.204,В наявності
340.0679.889,В наявності
345.0529.584,В наявності
345.0654.870,В наявності
345.0654.932,В наявності
350.0590.184,В наявності
350.0663.649,В наявності
,В наявності
,В наявності
